,text,date,sentiment,neg,neu,pos,compound
0,"The Gamestop Exclusive DCeased Funko Mystery Box

I GOT BATMAN ON MY FIRST BOX 

                  ",2022-05-10 00:00:00+00:00,positive,0.0,0.889,0.111,0.128
1," A big short squeeze is coming
1 I believe only 2030  of  supply is organic  the rest belongs to  or big Luna holders
2 A major part of organic supply has already left the ecosystem
In this stage  is like ",2022-05-10 00:00:00+00:00,positive,0.0,0.932,0.068,0.3612
2,Market Cycles by umpoozd        ,2022-05-10 00:00:00+00:00,neutral,0.0,1.0,0.0,0.0
3,To  how do you justify upping the price of  pop vinyls by 12 and a half percent at your stores which go by the name  all across Australia Ive spent thousands there in the past few months I will be taking my business elsewhere very disappointing,2022-05-10 00:00:00+00:00,negative,0.075,0.925,0.0,-0.5413
5,Thank you  you are a legend The quality of the art is top notch Everybody in the   community should be following Nancy first off and should definitely start buying and collecting these This project is going to be big    ,2022-05-10 00:00:00+00:00,positive,0.0,0.833,0.167,0.7184
6, They have just put 10 percent on all pops Sols in Australia through eb games which is owned by  if this is how theyre going to treat their customers after I have spent over 2500 in pop vynal in the last three months,2022-05-10 00:00:00+00:00,positive,0.0,0.938,0.062,0.4019
8,"NFT Giveaway Wen Lambo 

Drop L2 address

share and tag 3 
Receive 33 NFT to share with 

Minted   low 
 
POWER TO THE PLAYERS 
 
        ",2022-05-10 00:00:00+00:00,positive,0.158,0.677,0.165,0.0516
9,Shouldnt we all be doing that thing you did with  and do that with  Thats how money works right We just gotta believe Im gonna go buy like 35 worth cause thats what I got How do I make this go viral so I wake up rich ,2022-05-10 00:00:00+00:00,positive,0.0,0.832,0.168,0.8055
10, Its a bird    its a plane    No its a          ,2022-05-10 00:00:00+00:00,negative,0.306,0.694,0.0,-0.296
12,"Hang tight  
We got this 

  
 
",2022-05-10 00:00:00+00:00,neutral,0.0,1.0,0.0,0.0
13, Hey   this is when Ill  exit  when  come full circle   ,2022-05-10 00:00:00+00:00,negative,0.237,0.763,0.0,-0.4215
16, How is this different from  halting  trades,2022-05-10 00:00:00+00:00,neutral,0.0,1.0,0.0,0.0
17,"  101 buy to sell ratio on Fidelity when are the likes of  etc going to realise they have messed with the wrong stock Look at Melvin it is going to happen again

The bitter pill is hard to swallow but  isnt a dying brick and mortar company",2022-05-10 00:00:00+00:00,negative,0.138,0.824,0.038,-0.4497
18,"I think  folks already know this 
   ",2022-05-10 00:00:00+00:00,neutral,0.0,1.0,0.0,0.0
20,"New Pokemon Snap for the Switch is on sale at Gamestop for 99



A long awaited sequel that actually lived up to expectations

            ",2022-05-10 00:00:00+00:00,negative,0.05,0.95,0.0,-0.0258
21,The current market setup of  is very similar to that of whats going on with  and   except the hedgies are the ones winning   ,2022-05-10 00:00:00+00:00,positive,0.0,0.866,0.134,0.5267
23,Spread this far and wide Want to bone the establishment legally and pien slap the hedge fund managers who siphon wealth from the middle class Buy and hold  and ,2022-05-10 00:00:00+00:00,positive,0.0,0.769,0.231,0.6705
26,"The GameStop short squeeze organized by the retail investors which hopefully is only the start of a chain of similar events is a testament to the fact that power indeed belongs to the people
  ",2022-05-10 00:00:00+00:00,positive,0.0,0.92,0.08,0.4019
27,Something Big is Coming Relax My all Apes We are Strongtogether               ,2022-05-10 00:00:00+00:00,positive,0.0,0.775,0.225,0.4404
28,"Adding more to my crypto wallets in this sale 
Lots to decide today
Hmm what am I investing in
   ",2022-05-10 00:00:00+00:00,neutral,0.0,1.0,0.0,0.0
30,The feeble minded among us dont realize this is EXACTLY what we want The MOASS is coming  ,2022-05-10 00:00:00+00:00,negative,0.119,0.811,0.07,-0.2263
31, THERE IS ALWAYS A REASON TO BUY MORE  AND ,2022-05-10 00:00:00+00:00,neutral,0.0,1.0,0.0,0.0
33,"NFT Giveaway  Harambe the Dank
 
1 Submit Request 

2 Follow 
 amp RT
 
Minted using 
  low fees 
 
POWER TO THE PLAYERS 
 
        ",2022-05-10 00:00:00+00:00,negative,0.11,0.89,0.0,-0.2732
34,"Would you support a movie project based from an NFT 


  
  ",2022-05-10 00:00:00+00:00,positive,0.0,0.748,0.252,0.4019
35,"I wanna know how often  employees are able to sell protection on game CDs some of the reasons they give is just hilarious You know weve been having a lot of thunder recently In the event of one and you have a light surge your game is protected 
wut",2022-05-10 00:00:00+00:00,positive,0.0,0.887,0.113,0.6808
38,"Significant Break below Dangerzone of SampP previous 200 DMA drop 

End of Dead Cat Bounce and potentially beginning of large Market Freefall 

   ",2022-05-10 00:00:00+00:00,negative,0.235,0.699,0.066,-0.6808
39, THERE WILL NEVER BE A REASON TO SELL MY  SHARES,2022-05-10 00:00:00+00:00,positive,0.0,0.784,0.216,0.296
40," stablecoin falling off a cliff
Is  next 

I wonder who needs the extra cash right now 
   ",2022-05-10 00:00:00+00:00,negative,0.11,0.89,0.0,-0.1531
41,So by simply buying and holding like were taught to do were destroying the market Makes sense I guess    Ill take shorts are f d for 500 Alex O look the daily double      ,2022-05-10 00:00:00+00:00,negative,0.183,0.745,0.072,-0.5994
42,468000 followers 0 likes You cant make this shit up       ,2022-05-10 00:00:00+00:00,negative,0.302,0.498,0.199,-0.3506
43,Wait why is everyone in the  community so funny   Im dying,2022-05-10 00:00:00+00:00,positive,0.0,0.728,0.272,0.5777
45," I like the way you think 

THERE WILL NEVER BE A REASON TO SELL MY  SHARES",2022-05-10 00:00:00+00:00,positive,0.0,0.688,0.312,0.6633
47,Were not only up against hedge funds and stock market crime but their enablers who we voted for Vote them all out       Ban   ,2022-05-10 00:00:00+00:00,negative,0.254,0.746,0.0,-0.7992
49,After generating my Twitter circle this was the only thing that caught my attention Sus   ,2022-05-10 00:00:00+00:00,neutral,0.0,1.0,0.0,0.0
53,"Everyone join me in bidding farewell to Melvin and anyone that shares their heavy debt Good bye Melvin 

Retweet for the Plotkin Partners 

     ",2022-05-10 00:00:00+00:00,positive,0.087,0.66,0.253,0.5859
54,"Will Microsoft buy    once their value is tanked and turn a section of them into an AppleStoreesque storefront

I see Meta with all their products opening a store",2022-05-10 00:00:00+00:00,positive,0.0,0.909,0.091,0.34
55,Guys let those haters be your motivators We are changing the game We are doing things different We are doing them better We got this We will all rise and succeed together LETS FUCKING GO       ,2022-05-10 00:00:00+00:00,positive,0.077,0.775,0.148,0.4404
56,"Live right now with some  Rando Mondays Lets see if we can catch a dub Stream is starting half an hour early Lets gooooo
 
     ",2022-05-10 00:00:00+00:00,neutral,0.0,1.0,0.0,0.0
61,"GME Short Squeeze 5922  We Are in the Everything Bubble  via  
     ",2022-05-10 00:00:00+00:00,neutral,0.0,1.0,0.0,0.0
65,Current   Price 00  ,2022-05-09 00:00:00+00:00,neutral,0.0,1.0,0.0,0.0
67,         hows this for record time LFG  ,2022-05-09 00:00:00+00:00,neutral,0.0,1.0,0.0,0.0
71,"MAY 9 2022  SCREENSHOTS

    
  
  ON
Jan 2021 gt MAY 9 2022  Daily Short Exempt
Jan 2022 gt MAY 9 2022 
THIS IS NOT FINANCIAL INFORMATION
I AM NOT A FINANCIAL ADVISOR",2022-05-09 00:00:00+00:00,positive,0.0,0.804,0.196,0.5574
72,"Giving Away Free  Merch 
Follow for a chance to win

We support  

Marantz Rantz on YouTube 
Giving away over 1k of free gamestop merch",2022-05-09 00:00:00+00:00,positive,0.0,0.446,0.554,0.9578
73,Meme stock traders getting blamed for the market crash when all weve been doing for the last year is buying and holding the one stock we love     ,2022-05-09 00:00:00+00:00,negative,0.171,0.706,0.124,-0.1531
76,Current   Price 90  ,2022-05-09 00:00:00+00:00,neutral,0.0,1.0,0.0,0.0
77, I think there will eventually be tokenized securities that trade on a blockchain This will solve phoniness in the markets Have you followed the  saga at all Should hedgefunds be allowed to naked short stocks to 0 without any consequences,2022-05-09 00:00:00+00:00,positive,0.0,0.897,0.103,0.4588
78, are they really blaming retail       ,2022-05-09 00:00:00+00:00,negative,0.466,0.534,0.0,-0.5413
79,Follow this gem ape fam  ,2022-05-09 00:00:00+00:00,neutral,0.0,1.0,0.0,0.0
80," 
It is now much cheaper to buy ITM  calls supporting the price than buying ITM puts suppresing the price and Delta on ITM calls are much higher than Delta on puts supporting the price further",2022-05-09 00:00:00+00:00,positive,0.0,0.851,0.149,0.7003
81,GameStop was not happy about this one       ,2022-05-09 00:00:00+00:00,negative,0.333,0.667,0.0,-0.4585
82,"Did you vote at the ASM for AMC and GME lt3
      ",2022-05-09 00:00:00+00:00,neutral,0.0,1.0,0.0,0.0
83,GME once again leading the pack on buysell ratio  on Fidelity today Super weird how a stock that apparently only retail is dumb enough to buy is so adversely effected by retail buying it    ,2022-05-09 00:00:00+00:00,negative,0.183,0.72,0.097,-0.3541
84,"Not seeing any proof yet Lets investigate the rumour

   ",2022-05-09 00:00:00+00:00,neutral,0.0,1.0,0.0,0.0
86,Itss Monday Have a great week   ,2022-05-09 00:00:00+00:00,positive,0.0,0.494,0.506,0.6249
90,Current   Price 00  ,2022-05-09 00:00:00+00:00,neutral,0.0,1.0,0.0,0.0
93," 

This market looks absolutely horse shit but this is not a surprise

Make all these clown bleed Soon  again and we know what that means

Ultimate fucking pressure on shorts coming   ",2022-05-09 00:00:00+00:00,negative,0.226,0.774,0.0,-0.7845
97,"Shit everywhere is getting fucked
  ",2022-05-09 00:00:00+00:00,negative,0.727,0.273,0.0,-0.8402
99,Harambe Approves  11 Mint  DM       ,2022-05-09 00:00:00+00:00,positive,0.0,0.597,0.403,0.4019
100,"Shit the whole world is fucked now 
   ",2022-05-09 00:00:00+00:00,negative,0.615,0.385,0.0,-0.8402
101,Popular Xbox One Games on Sale for Just     ,2022-05-09 00:00:00+00:00,positive,0.0,0.714,0.286,0.4215
102,Current   Price 25  ,2022-05-09 00:00:00+00:00,neutral,0.0,1.0,0.0,0.0
108," and  is the wrong thing to do apparently seems like the most practical way to play the  with a company you believe in Ill just keep doing what Im doing

Just to reiterate  is not a memestock

 ",2022-05-09 00:00:00+00:00,negative,0.141,0.742,0.117,-0.25
110,       Follow them for   you are early All these artists have something unique about them buy now while they are cheap before the marketplace explodes  ,2022-05-09 00:00:00+00:00,neutral,0.0,1.0,0.0,0.0
118,Managed to grab another 50 shares of   thanks for the dip,2022-05-09 00:00:00+00:00,positive,0.0,0.638,0.362,0.6249
122,Omg this is priceless   ,2022-05-09 00:00:00+00:00,neutral,0.0,1.0,0.0,0.0
123,"   
I havent lost anything on as I still have all my shares The price is irrelevant until the SHFs have closed their naked shorts  They on the other hand have to spend billions to stay afloat with time running out Tic toc",2022-05-09 00:00:00+00:00,positive,0.0,0.834,0.166,0.7478
127,This  ,2022-05-09 00:00:00+00:00,neutral,0.0,1.0,0.0,0.0
128,Todays market in one expression   ,2022-05-09 00:00:00+00:00,neutral,0.0,1.0,0.0,0.0
129," discount today
  ",2022-05-09 00:00:00+00:00,neutral,0.0,1.0,0.0,0.0
131,Current   Price 33  ,2022-05-09 00:00:00+00:00,neutral,0.0,1.0,0.0,0.0
135," 
Looks like its time to transfer more funds to my broker for the  bargain",2022-05-09 00:00:00+00:00,positive,0.0,0.736,0.264,0.5106
136, Youre CORRECT  ,2022-05-09 00:00:00+00:00,neutral,0.0,1.0,0.0,0.0
137,xsGas amc is down Claman thats not a tech stock    ,2022-05-09 00:00:00+00:00,neutral,0.0,1.0,0.0,0.0
138,GameStop It will be available to download later       ,2022-05-09 00:00:00+00:00,neutral,0.0,1.0,0.0,0.0
141, preorder placeholder box art has been spotted at  outlets in Germany likely hinting at new announcement coming soon,2022-05-09 00:00:00+00:00,neutral,0.0,1.0,0.0,0.0
143,"Also available at Gamestop for the same price

Diamond 
Pearl 

                 ",2022-05-09 00:00:00+00:00,positive,0.0,0.789,0.211,0.34
144," tearin it up

 ",2022-05-09 00:00:00+00:00,neutral,0.0,1.0,0.0,0.0
147,Fox 32 Cant Find Bottom       ,2022-05-09 00:00:00+00:00,neutral,0.0,1.0,0.0,0.0
148,"Is a stock grossly overvalued if its market cap is 6190000000 and its TTM total revenue is 010700000 
  ",2022-05-09 00:00:00+00:00,negative,0.106,0.894,0.0,-0.2263
149,"Shocking  price drops This was expected like a clockwork The price will likely drop until the shareholder meeting on June 2nd

There is a high likelihood that  price will skyrocket from mid June Maybe even the  will start I believe in ",2022-05-09 00:00:00+00:00,negative,0.113,0.827,0.059,-0.3182
150," 
Feels a bit early for the  rebound I normally expect around 1530 Maybe they have lots of FTDs to cover",2022-05-09 00:00:00+00:00,neutral,0.0,1.0,0.0,0.0
151, is the one true hedge for the shitstorm thats been brewing and is now about to boil over     ,2022-05-09 00:00:00+00:00,positive,0.0,0.859,0.141,0.4215
152,Current   Price 42  ,2022-05-09 00:00:00+00:00,neutral,0.0,1.0,0.0,0.0
154,Its all your fault you damn reddit people LOL  ,2022-05-09 00:00:00+00:00,negative,0.362,0.402,0.237,-0.2185
156,Consider yourself warned ,2022-05-09 00:00:00+00:00,negative,0.512,0.488,0.0,-0.2732
158," Hermano
Plz hook me up  
This is dope af ",2022-05-09 00:00:00+00:00,positive,0.0,0.86,0.14,0.0772
159,Family offices are very powerful        ,2022-05-09 00:00:00+00:00,positive,0.0,0.564,0.436,0.4754
160," Breaking   

First ever up close and detailed imaging of s weewee ",2022-05-09 00:00:00+00:00,neutral,0.0,1.0,0.0,0.0
161," Me too
I got  and will HODL for the duration
Im investing in American Companies and loving every minute of it
Big and Small
Old School and New diversity is the lifeblood of American Capitalism

",2022-05-09 00:00:00+00:00,positive,0.0,0.894,0.106,0.5994
165,Current   Price 39  ,2022-05-09 00:00:00+00:00,neutral,0.0,1.0,0.0,0.0
166,  Welcome to the  family Excited and happy to have you Im a noboady who buys from Gamestop but I can still be happy for you right ,2022-05-09 00:00:00+00:00,positive,0.0,0.643,0.357,0.8779
172," Hey  
Just want to say your doing a great job on twitter promoting  products and related info
You are appreciated 
Im sure there are teams of you running the twitter so tell each shift they are appreciated for me",2022-05-09 00:00:00+00:00,positive,0.0,0.656,0.344,0.9413
174, I wonder if all the people calling me fake buy as consistently or as much as I do  ,2022-05-09 00:00:00+00:00,negative,0.171,0.829,0.0,-0.4767
180,"Fundamentals are key for me when it comes to investing and that means that actions are worth more than talk and gimmicky marketing 

Thats why my core investments are
   
  
   

    ",2022-05-09 00:00:00+00:00,positive,0.0,0.936,0.064,0.2263
181,"This dumbass from  just confirmed that nobody is selling 

   ",2022-05-09 00:00:00+00:00,negative,0.31,0.69,0.0,-0.5574
182,"A bunch of  shares bought

Thanks for the dip hedgies

 

NFA",2022-05-09 00:00:00+00:00,positive,0.0,0.611,0.389,0.6249
183,Double figure    truly the best investment out there right now    on the way with a stock split in the offing too this is crazy cheap,2022-05-09 00:00:00+00:00,positive,0.079,0.689,0.233,0.6908
185," Perfection

   ",2022-05-09 00:00:00+00:00,positive,0.0,0.0,1.0,0.5719
189,"Thanks for all thr support

  ",2022-05-09 00:00:00+00:00,positive,0.0,0.349,0.651,0.6808
195,Current   Price 06  ,2022-05-09 00:00:00+00:00,neutral,0.0,1.0,0.0,0.0
198,"  SMRT when we finally catch up for a drink Im gonna introduce you to the lifechanger that is Hunky Dorys 

Lovely snacking on a chip that describes how everything is gonna be in the future  

",2022-05-09 00:00:00+00:00,positive,0.0,0.894,0.106,0.5859
199," 
Looks like  is making an inverted head and shoulders on the 5min Bullish",2022-05-09 00:00:00+00:00,positive,0.0,0.828,0.172,0.3612
201," 
 Open Interest ramp for today from  to 
Max Pain 
Looks like  is following a similar path to the last run up NAOMO",2022-05-09 00:00:00+00:00,positive,0.123,0.672,0.205,0.296
203,Next Stop After  Bitcoin  is Here  Last Week  ,2022-05-09 00:00:00+00:00,negative,0.239,0.761,0.0,-0.296
204,    Beginners Guide,2022-05-09 00:00:00+00:00,neutral,0.0,1.0,0.0,0.0
205," 
It must be really hard for the  SHFs to swim against the current Fortunately it is not sustainable with retail not selling and eventually theyll drown",2022-05-09 00:00:00+00:00,negative,0.183,0.817,0.0,-0.659
207,"   
Looks like  is making an inverted head and shoulders bullish  should follow and exceed the uptrend NAOMO",2022-05-09 00:00:00+00:00,positive,0.0,0.865,0.135,0.3612
208,Look at this shit LOL They want you to sell    ,2022-05-09 00:00:00+00:00,positive,0.264,0.435,0.301,-0.1071
209,  As an owner of    welcome aboard Let the Games begin ,2022-05-09 00:00:00+00:00,positive,0.0,0.661,0.339,0.4767
210,Current   Price 90  ,2022-05-09 00:00:00+00:00,neutral,0.0,1.0,0.0,0.0
212,Bernie Madoff would be jealous Gianno Caldwell on the MSM a few minutes ago          puts on FB APPL AMZN not financial advice  ,2022-05-09 00:00:00+00:00,negative,0.13,0.87,0.0,-0.4588
215,"Keep the Faith Nothing is guaranteed Work hard do your best help others when you can slap someone on the ass and yell go team Find the positive learn to love yourself one day at a time WAGMI

",2022-05-09 00:00:00+00:00,positive,0.092,0.547,0.36,0.9349
216,Cant stop wont stop ,2022-05-09 00:00:00+00:00,positive,0.0,0.346,0.654,0.4168
217,"     hold tight gang They will have to cover soon and remember we own the float This is right where we want them

       

",2022-05-09 00:00:00+00:00,positive,0.0,0.942,0.058,0.0772
218, All I know how to do is buy more shares  ,2022-05-09 00:00:00+00:00,positive,0.0,0.762,0.238,0.3597
219, Get rich or die buying      ,2022-05-09 00:00:00+00:00,negative,0.371,0.286,0.343,-0.0772
220,"  And gamestop devident primo June and  May follow  





",2022-05-09 00:00:00+00:00,neutral,0.0,1.0,0.0,0.0
221,"GameStop  For GokuDB fans

  

  ",2022-05-09 00:00:00+00:00,neutral,0.0,1.0,0.0,0.0
222, 50 GME  250 AMC  thanks for the discount     ,2022-05-09 00:00:00+00:00,positive,0.0,0.707,0.293,0.4404
223,"                                                 Price goes up nips get hard
Price goes downyep nips get hard
Always hyped for 
 ",2022-05-09 00:00:00+00:00,negative,0.177,0.823,0.0,-0.2023
226,"   
 Options valuevolume so far today Looks like the volume on are now mostly selling for profit NAOMO",2022-05-09 00:00:00+00:00,positive,0.0,0.735,0.265,0.6597
227,"GameStop  Save  on The Medium  PlayStation 5

99    

If you arent have GameStop PUR member yet and want the monthly  reward   

   ",2022-05-09 00:00:00+00:00,positive,0.0,0.675,0.325,0.802
229,"Funko Pop Games Call Of Duty  Monkey Bomb GameStop Exclusive Figure 147

   ",2022-05-09 00:00:00+00:00,negative,0.218,0.68,0.102,-0.4019
231,Sign up for  PowerUp Rewards Pro and immediately start earning cash back exclusive offers and more,2022-05-09 00:00:00+00:00,positive,0.0,0.753,0.247,0.5574
232,Current   Price 66  ,2022-05-09 00:00:00+00:00,neutral,0.0,1.0,0.0,0.0
233," apes this video is a must watch We are CLOSE
   ",2022-05-09 00:00:00+00:00,neutral,0.0,1.0,0.0,0.0
234,Cant stop  ,2022-05-09 00:00:00+00:00,positive,0.0,0.346,0.654,0.2235
237,"   
 left a few gaps to fill on the way up NAOMO",2022-05-09 00:00:00+00:00,neutral,0.0,1.0,0.0,0.0
238,"   
Loos like  is outperforming  on the rebound again NAOMO",2022-05-09 00:00:00+00:00,positive,0.0,0.762,0.238,0.3612
239,"ùêèùêãùêÑùêÄùêíùêÑ ùêãùêàùêäùêÑ ùêÄùêçùêÉ ùêëùêÑùêìùêñùêÑùêÑùêì

God of War Part 8

               ",2022-05-09 00:00:00+00:00,negative,0.325,0.5,0.175,-0.4215
242,My smooth brain will HODL until Im swimming in a pool of    ,2022-05-09 00:00:00+00:00,neutral,0.0,1.0,0.0,0.0
243,One year ago today I predicted the   ,2022-05-09 00:00:00+00:00,neutral,0.0,1.0,0.0,0.0
244, I heard you hired BCG employees since the sneeze     ,2022-05-09 00:00:00+00:00,neutral,0.0,1.0,0.0,0.0
245,"   
 Options valuevolume so far today Looks like the volume on those  puts are for puts being rolled to later dates not new puts NAOMO",2022-05-09 00:00:00+00:00,positive,0.0,0.902,0.098,0.3612
246,MSM now says economic meltdown is because of memestocks and dumb money smooth brained apes Riiigght   ,2022-05-09 00:00:00+00:00,negative,0.18,0.82,0.0,-0.5106
248,Limit buy is the most stupid way of buying  ,2022-05-09 00:00:00+00:00,negative,0.316,0.684,0.0,-0.5709
253,Current   Price 41  ,2022-05-09 00:00:00+00:00,neutral,0.0,1.0,0.0,0.0
254,Decided to hold AND hodl my  shares       ,2022-05-09 00:00:00+00:00,positive,0.0,0.732,0.268,0.296
262,"Cant stop wont stop  

 

Things are just getting interesting

",2022-05-09 00:00:00+00:00,positive,0.0,0.481,0.519,0.6679
263,"Got a bunch of these Growlith cards from GameStop  recently  Did anyone need one 

I can send the codes over via message 

     ",2022-05-09 00:00:00+00:00,neutral,0.0,1.0,0.0,0.0
264,Current   Price 78  ,2022-05-09 00:00:00+00:00,neutral,0.0,1.0,0.0,0.0
267, Couldnt have said it better myself    ,2022-05-09 00:00:00+00:00,positive,0.0,0.633,0.367,0.4404
269,"Where is my Mayo
  ",2022-05-09 00:00:00+00:00,neutral,0.0,1.0,0.0,0.0
273,"HELLO GME
 ",2022-05-09 00:00:00+00:00,neutral,0.0,1.0,0.0,0.0
274,"Playing Games is not a break from learning


                ",2022-05-09 00:00:00+00:00,positive,0.0,0.769,0.231,0.2023
275,"Good morning All I hope its a great start to the week  
LFG 
 Power to the Players 
 
           ",2022-05-09 00:00:00+00:00,positive,0.0,0.548,0.452,0.872
276,Current   Price 01  ,2022-05-09 00:00:00+00:00,neutral,0.0,1.0,0.0,0.0
278," Good morning Rick  LFG 
 Power to the Players 
 
           ",2022-05-09 00:00:00+00:00,positive,0.0,0.707,0.293,0.4404
281,We have lostwe have had disappointmentswe have sufferbut we are still standing strong until the END I Hold For My all Apes together We are Strong            ,2022-05-09 00:00:00+00:00,positive,0.0,0.777,0.223,0.765
282," Power to the Players 

         ",2022-05-09 00:00:00+00:00,neutral,0.0,1.0,0.0,0.0
283,"Bought the dip of   and     I feel with the help of these critical partnerships will have great success with their   

   ",2022-05-09 00:00:00+00:00,positive,0.083,0.54,0.378,0.8481
285, The Wall Street game is over  ,2022-05-09 00:00:00+00:00,neutral,0.0,1.0,0.0,0.0
286,"Sherrif of regulation enforcement Use your detective skills and investigate where we are pointing you 

Take your foot out of your ass and make some fucking arrests already


   ",2022-05-09 00:00:00+00:00,negative,0.205,0.795,0.0,-0.7713
287,Current   Price 01  ,2022-05-09 00:00:00+00:00,neutral,0.0,1.0,0.0,0.0
289,Current   Price 00  ,2022-05-09 00:00:00+00:00,neutral,0.0,1.0,0.0,0.0
290,"NEW PA 10 minted
 drinks beer logo appears laser eyes turn moon green We moon
     
First 5 buyers receive png picture which will be minted aswell crazy price so no one can buy it  with no logo moon laser and filled beer",2022-05-09 00:00:00+00:00,negative,0.163,0.837,0.0,-0.7496
291,"Shop new Deals of the Day at  Yay
  
   Now
Available on September 10th Valid Now828

 Spend amp Save 3 for  4 for  amp 5 for  on all POP figures 99 amp up",2022-05-09 00:00:00+00:00,positive,0.0,0.804,0.196,0.765
292,Current   Price 00  ,2022-05-09 00:00:00+00:00,neutral,0.0,1.0,0.0,0.0
293,"Ill be giving away 10 Sunset for the Shorts to 10 random L2 users who follow me like and retweet this tweetdrop the wallets while I figure it out

Otherwise DM me if you would like to make an offer Only 69 minted

  
 ",2022-05-09 00:00:00+00:00,positive,0.058,0.788,0.154,0.5574
294,Few understand this  ,2022-05-09 00:00:00+00:00,neutral,0.0,1.0,0.0,0.0
296,"From    Day Trader Army Loses All the Money It Made in MemeStock Era


But ETrade said it was so easy even a baby could do it

 

        ",2022-05-09 00:00:00+00:00,positive,0.055,0.773,0.172,0.6664
297,s in Downtrend Moving Average Convergence Divergence MACD Histogram crosses below signal line View odds for this and other indicators    ,2022-05-09 00:00:00+00:00,neutral,0.0,1.0,0.0,0.0
298,                 Our Family China Russia DPRK  Infinitely Œº Unlimited     ,2022-05-09 00:00:00+00:00,neutral,0.0,1.0,0.0,0.0
299,Whoever sent me this iron Mike thank you Crazy animation you killed it  Tag Yourself     ,2022-05-09 00:00:00+00:00,negative,0.322,0.561,0.117,-0.6597
300,Gamespot Sets TitanFall 3 Up For PreOrder Leak Seemingly Confirms Game Coming Soon   ,2022-05-09 00:00:00+00:00,negative,0.179,0.821,0.0,-0.34
301,Cant Stop Wont Stop   ,2022-05-09 00:00:00+00:00,positive,0.0,0.346,0.654,0.4168
302,"What if

The plan wasnt to force  to permanently close down

What if the events leading up to the Jan 2021 were precisely orchestrated for the perfect buyout with the ultimate goal of privatizing 

Im sort of starting to think this ",2022-05-09 00:00:00+00:00,positive,0.0,0.915,0.085,0.5719
303,The  community has some amazing  artists coming up with great concepts and ideas I think L2 NFTs will be massive and the  Marketplace will give young up and coming artists the opportunity to make game changing plays   ,2022-05-09 00:00:00+00:00,positive,0.0,0.716,0.284,0.9136
304,Cant wait for this baby to arrive around August  I PreOrdered it from GameStop     ,2022-05-09 00:00:00+00:00,neutral,0.0,1.0,0.0,0.0
306,Send me an NFT and I will promote your work Lets gooo  community    ,2022-05-09 00:00:00+00:00,positive,0.0,0.809,0.191,0.3818
307,"Join us Free time 
 
 
ÿ∫ŸÑÿ∑€å_ÿ≥ÿØ⁄æÿßÿ±Ÿà_ÿßŸÑ€å⁄©ÿ¥ŸÜ_⁄©ÿ±ÿßÿ§ 
ÿßŸÖŸæŸàÿ±Ÿπ⁄à_ÿ≠⁄©ŸàŸÖÿ™_ŸÜÿßŸÖŸÜÿ∏Ÿàÿ± 
⁄©ÿ±ÿßÿ¶ŸÖ_ŸÖŸÜÿ≥Ÿπÿ±_ŸÜÿßŸÖŸÜÿ∏Ÿàÿ± 
",2022-05-09 00:00:00+00:00,positive,0.0,0.476,0.524,0.6705
309,Friendly Fun Fact of the day    ,2022-05-09 00:00:00+00:00,positive,0.0,0.381,0.619,0.7579
310,I hope he gets into dd in  and  ,2022-05-09 00:00:00+00:00,positive,0.0,0.674,0.326,0.4404
311,"Please subscribe to our channel

     ",2022-05-09 00:00:00+00:00,positive,0.0,0.635,0.365,0.3182
315," Hey Adam

Would love to add one to my collection Im starting a donation  charity for women across the world 

Livevlifeloopringeth 
     ",2022-05-09 00:00:00+00:00,positive,0.0,0.72,0.28,0.7906
316,"GME Short Squeeze 5822  Goldman Sachs Under Investigation for Dark Po  via  
    ",2022-05-09 00:00:00+00:00,negative,0.247,0.753,0.0,-0.5574
321,"Check out these incredible NFT artists
 
 
 
Cant wait for the  marketplace and love the  community I am very excited for the future 
  ",2022-05-09 00:00:00+00:00,positive,0.0,0.734,0.266,0.7841
322,Check out what I just listed on Mercari              ,2022-05-09 00:00:00+00:00,neutral,0.0,1.0,0.0,0.0
324,Im probably crazy  ,2022-05-09 00:00:00+00:00,negative,0.545,0.455,0.0,-0.34
326,   Loop community welcomes you,2022-05-09 00:00:00+00:00,positive,0.0,0.526,0.474,0.4019
327,SEC has known for over a year about the last GME voting overage Wait till the see the latest voting results Shit gonna hit the fan   ,2022-05-08 00:00:00+00:00,negative,0.125,0.796,0.08,-0.3182
328,  My older brother has the  mega collection on preorder at ,2022-05-08 00:00:00+00:00,neutral,0.0,1.0,0.0,0.0
329, Bro this is fucking sick I need this    ,2022-05-08 00:00:00+00:00,negative,0.375,0.625,0.0,-0.5563
330,"Picked up from a local GameStop
   ",2022-05-08 00:00:00+00:00,neutral,0.0,1.0,0.0,0.0
332,"If Canadas reactions to the  or RHs actions to  isnt incentive enough to use decentralized money  decentralized swaps for decentralized property please read the below thread

    ",2022-05-08 00:00:00+00:00,positive,0.074,0.845,0.081,0.049
333," NonProfit  Astronaut Day L222 WAGMI NFT
 
1 Submit Request 
2 Follow 
 amp RT
 
Minted using     fees
 
POWER TO THE PLAYERS 
 
     ",2022-05-08 00:00:00+00:00,neutral,0.0,1.0,0.0,0.0
336,  I have a theory,2022-05-08 00:00:00+00:00,neutral,0.0,1.0,0.0,0.0
337,I wonder how  will trend under new algorithms,2022-05-08 00:00:00+00:00,neutral,0.0,1.0,0.0,0.0
339,"   is afraid of freedom of speech

 
 ",2022-05-08 00:00:00+00:00,positive,0.0,0.543,0.457,0.6369
347,"Ryan Pollock  of the Ryan Cohen by the Masters collection Style of Jackson Pollock  
Price Free Tips unlock perks
Order
Whole collection
Help a fellow L√∂√∂per and Retweet 
    ",2022-05-08 00:00:00+00:00,positive,0.0,0.806,0.194,0.7184
349,  is right Cocaine is a hell of a drug LFG  ,2022-05-08 00:00:00+00:00,negative,0.397,0.603,0.0,-0.6808
350,Im here 4 life and I have 3000 people with me And were growing ever day   brick by brick Marantz Rantz YouTube,2022-05-08 00:00:00+00:00,positive,0.0,0.918,0.082,0.1779
353,Big bro Little Bro and step bro  style Which is your favorite version of this now famous   Part of the     ,2022-05-08 00:00:00+00:00,positive,0.0,0.864,0.136,0.4588
356,"  brother my condolences You lost a mom I lost a dad we all know loss to some degree or another Love you guys whether you hate me love me or feel indifferent     
United we stand divided we fall
 
I would love a one plz ",2022-05-08 00:00:00+00:00,positive,0.213,0.499,0.287,0.743
360,Happy Mothers Day to all the Diamond Handed Beautiful Moms in  land   LFG ,2022-05-08 00:00:00+00:00,positive,0.0,0.5,0.5,0.875
367, OFF MY TRADING COURSE FOR THE NEXT 2 PEOPLE     ,2022-05-08 00:00:00+00:00,neutral,0.0,1.0,0.0,0.0
368,"Throwback to the  saga

When the Jerome Powell still had his hand firmly on the money printer on switch 

Late 2020 and early 2021 good times in the markets good times ",2022-05-08 00:00:00+00:00,positive,0.0,0.757,0.243,0.8402
369,Cheapest  you will buy Floor is only 00020         ,2022-05-08 00:00:00+00:00,neutral,0.0,1.0,0.0,0.0
370,    Look at my recent retweet Its 2 seperate reddit posts I made I think  is telling us clearly about this,2022-05-08 00:00:00+00:00,positive,0.0,0.856,0.144,0.4019
371,Too many to tag  lotta yall in this one lol  ,2022-05-08 00:00:00+00:00,positive,0.0,0.763,0.237,0.4215
372,"The future of the web3 creator economy is upon us and I believe  is giving us clues

There is a link to my first reddit post from this one Put on the tinfoil hat and give them a read

   

",2022-05-08 00:00:00+00:00,positive,0.0,0.936,0.064,0.34
373,"6 NEW GameStop Deals Worth Buying



 ",2022-05-08 00:00:00+00:00,positive,0.0,0.678,0.322,0.2263
374,   Something about the white hoodie  makes the  stand out,2022-05-08 00:00:00+00:00,neutral,0.0,1.0,0.0,0.0
375,"HI everyone have you tried out these gifts 18

         ",2022-05-08 00:00:00+00:00,neutral,0.0,1.0,0.0,0.0
376,Calling                   fans to Come join ,2022-05-08 00:00:00+00:00,positive,0.0,0.645,0.355,0.296
380, Bullish for ,2022-05-08 00:00:00+00:00,neutral,0.0,1.0,0.0,0.0
381,  Happy Mothers Day I need a Jedi or Sith Knife Sharpener and will not purchase until  has it in stock Sorry Ma,2022-05-08 00:00:00+00:00,positive,0.057,0.783,0.161,0.5267
385,  Lets play,2022-05-08 00:00:00+00:00,positive,0.0,0.294,0.706,0.34
389,"The most excellent Ape Historians database is now live Excellent work by uElegantRemote6667

  ",2022-05-08 00:00:00+00:00,positive,0.0,0.588,0.412,0.8268
392,Alba Rashford likes Angry Birds ampResorts   ,2022-05-08 00:00:00+00:00,negative,0.327,0.396,0.277,-0.128
395,"   If you want to see the real  price then look closely in June
 Were going to CONDOM short sellers and hedgies





",2022-05-08 00:00:00+00:00,positive,0.0,0.939,0.061,0.0772
397,"we were to stupid to know
  ",2022-05-08 00:00:00+00:00,negative,0.405,0.595,0.0,-0.5267
403," trending on Twitter again

GameStop has released its official GameStop Wallet webpage today indicating that the Crypto Wallet for your Browser amp iPhone is coming soon

Share the news because this is 
  ",2022-05-08 00:00:00+00:00,positive,0.0,0.934,0.066,0.296
404,some big names on this list of likes     ,2022-05-08 00:00:00+00:00,positive,0.0,0.714,0.286,0.4215
405,"Im back



We love  
 ",2022-05-08 00:00:00+00:00,positive,0.0,0.417,0.583,0.6369
406,Yes we do yes we do  ,2022-05-08 00:00:00+00:00,positive,0.0,0.426,0.574,0.6597
408,Deep fucking value  ,2022-05-08 00:00:00+00:00,positive,0.0,0.426,0.574,0.4005
409,"i in  amp 
  ",2022-05-08 00:00:00+00:00,neutral,0.0,1.0,0.0,0.0
410,Go Follow   ,2022-05-08 00:00:00+00:00,neutral,0.0,1.0,0.0,0.0
416,Of the last 254 trading days just 20 times has GME short volume been less than 50 Of those 20 just 2 made it into as low as 30s It is mathematically impossible that they covered      ,2022-05-08 00:00:00+00:00,negative,0.058,0.942,0.0,-0.2732
417,I saw online that  had Captain Carter GameStop exclusive I had to have have it It was delivered today but to my surprise they sent the wrong one     ,2022-05-08 00:00:00+00:00,negative,0.134,0.741,0.126,-0.3071
422,"The artwork is beautiful and Steelcase Thanks to  

   ",2022-05-08 00:00:00+00:00,positive,0.0,0.469,0.531,0.7783
441, Lol they used the  font for their banner,2022-05-08 00:00:00+00:00,positive,0.0,0.714,0.286,0.4215
443,Check out Mens Brown Large Bungie Destiny 2 D2 Banner Gamestop Exclusive TShirt   via           ,2022-05-08 00:00:00+00:00,positive,0.0,0.889,0.111,0.128
444,"Gamestop NFT were all readysome more than others 

We are defined by gaming
      ",2022-05-08 00:00:00+00:00,neutral,0.0,1.0,0.0,0.0
445,"LEVEL 19 
Obstacle Driving  Drive your vehicles around roadblocks concrete barriers ramps and much more
Play Store 

          Do check it out",2022-05-08 00:00:00+00:00,positive,0.103,0.785,0.111,0.0498
447,The market has been so bearish that even China doesnt want to ban us anymore       ,2022-05-08 00:00:00+00:00,positive,0.071,0.758,0.171,0.4023
448,"Can Yall Help Me Out     

Id appreciate it",2022-05-08 00:00:00+00:00,positive,0.0,0.526,0.474,0.6597
450,"MCFARLANE DAY AT GAMESTOP ON 430 

NEW toys coming amp 15 off ALL McFarlane Toys starting TOMORROW 

   ",2022-05-08 00:00:00+00:00,neutral,0.0,1.0,0.0,0.0
452, I never had this issue on ComputerShare This is what  apes have been saying for 16 months now you dont own those shares regardless and there is a 90 chance your vote will be changed Even if a squeeze did happen youre delusional to think theyd let you get paid,2022-05-07 00:00:00+00:00,positive,0.039,0.92,0.041,0.0289
453, My early guess would be ,2022-05-07 00:00:00+00:00,neutral,0.0,1.0,0.0,0.0
455,"  




 are ready",2022-05-07 00:00:00+00:00,positive,0.0,0.286,0.714,0.3612
456,"Reason  that SHFs are fucked
Ape Attention to Detail
   ",2022-05-07 00:00:00+00:00,negative,0.355,0.645,0.0,-0.6597
457,Still working through farcry 6 Such a huge game Was able to complete the stranger things mission and it resparked a love in games I hadnt felt since FF7FF10 days Bullish on games bullish on gamestop    ,2022-05-07 00:00:00+00:00,positive,0.0,0.822,0.178,0.7579
463,"MCFARLANE DAY  Giveaway Enter at 

   ",2022-05-07 00:00:00+00:00,neutral,0.0,1.0,0.0,0.0
464,Oooooohhhhh  Favorite cover since the Elden Ring one Thanks again      ,2022-05-07 00:00:00+00:00,positive,0.0,0.576,0.424,0.7096
468,"THEORETICAL SITUATION
What do you think would happen to company X that is naked shorted when this company X issues a non monetary dividend non monetary examples include NFT dividend stock dividend

  ",2022-05-07 00:00:00+00:00,neutral,0.0,1.0,0.0,0.0
469, When ,2022-05-07 00:00:00+00:00,neutral,0.0,1.0,0.0,0.0
470,Wen moon  ,2022-05-07 00:00:00+00:00,neutral,0.0,1.0,0.0,0.0
484, here she goes one of most shorted MEMe stock hasnt run much yet hit  few months ago so we could see  by end of day                 ,2022-05-07 00:00:00+00:00,neutral,0.0,1.0,0.0,0.0
496,"GameStop Wallet website shows 6 symbols Ethereum GameStop NFT ImmutableX 0x ZRX Uniswap and Loopring 

But the image leaves room for at least TWO more icons of cryptocurrency andor decentralized apps

Any ideas on what these might be
   ",2022-05-07 00:00:00+00:00,neutral,0.0,1.0,0.0,0.0
507,Loopyboi      ,2022-05-07 00:00:00+00:00,neutral,0.0,1.0,0.0,0.0
513,"Cant escape  
  
Have a great weekend yall",2022-05-07 00:00:00+00:00,negative,0.546,0.454,0.0,-0.5875
541,Star Wars Day 2022 Deals Amazon Walmart GameStop and More     ,2022-05-07 00:00:00+00:00,negative,0.271,0.602,0.128,-0.4404
542,Thanks   ,2022-05-07 00:00:00+00:00,positive,0.0,0.0,1.0,0.4404
546,Check out my trading course    ,2022-05-07 00:00:00+00:00,neutral,0.0,1.0,0.0,0.0
583,Still got plenty left Fill out the form to get your copies       only on  L2,2022-05-07 00:00:00+00:00,neutral,0.0,1.0,0.0,0.0
584,"

How do bubbles form Gamestop and tulips can help explain  Source  cc 

             ",2022-05-07 00:00:00+00:00,positive,0.0,0.803,0.197,0.4019
585, Read the fine print and terms  isnt allowing any reselling You can only buy from them     ,2022-05-07 00:00:00+00:00,positive,0.0,0.893,0.107,0.2023
587,Im ready   ,2022-05-07 00:00:00+00:00,positive,0.0,0.286,0.714,0.3612
589,Killin it and low key thought he was in a  hat lol too focused on ,2022-05-07 00:00:00+00:00,positive,0.114,0.595,0.292,0.5106
590," amp 
BROTHERS FOR LIFE
ULTIMATE TAG TEAM
Who Got Next

 



",2022-05-07 00:00:00+00:00,neutral,0.0,1.0,0.0,0.0
591,What to throw away and what not to throw awayWorries and fears Be strong and hodl Its nothing    ,2022-05-07 00:00:00+00:00,positive,0.127,0.724,0.149,0.128
593, is hiring      ,2022-05-07 00:00:00+00:00,neutral,0.0,1.0,0.0,0.0
594,Check out Mens Brown Large Bungie Destiny 2 D2 Banner Gamestop Exclusive TShirt   via eBay           Translated using ,2022-05-07 00:00:00+00:00,positive,0.0,0.909,0.091,0.128
596," hey SMRT  do you like geography
  ",2022-05-07 00:00:00+00:00,positive,0.0,0.667,0.333,0.3612
597,"Matt Furlong u know the CEO of  cool guy 
 ",2022-05-07 00:00:00+00:00,positive,0.0,0.753,0.247,0.3182
598,According to multiple people Titanfall 3 can allegedly be preordered across  retail stores in ,2022-05-07 00:00:00+00:00,neutral,0.0,1.0,0.0,0.0
600,    US MARKET OPEN,2022-05-07 00:00:00+00:00,neutral,0.0,1.0,0.0,0.0
602,i am in a    ,2022-05-07 00:00:00+00:00,neutral,0.0,1.0,0.0,0.0
603,"
 NonProfit   
 
1 Submit Request 
2 Follow 


 amp RT
 
Minted using 

    fees
 
POWER TO THE PLAYERS 
 
      ",2022-05-07 00:00:00+00:00,neutral,0.0,1.0,0.0,0.0
606,"Aye look what I got from the    Guest Play Event Check your wallets

Which ones did you get

Drop yours in the comments below for a chance to win another FREE  NFT

     

More in Thread",2022-05-07 00:00:00+00:00,positive,0.05,0.661,0.289,0.8788
607,"NEWS ITS OUT SHARE SHARE SHARE
  ",2022-05-07 00:00:00+00:00,positive,0.0,0.312,0.688,0.6808
608,"GME Short Squeeze 5622  0x Might Be the Smoking Gun  via  
     ",2022-05-07 00:00:00+00:00,negative,0.194,0.806,0.0,-0.34
609,"This Man Son Work it   and black people think he care about themlol thats why he stabbing people he angrylol 

Kareem AbdulJabbars son arrested for stabbing California neighbor  via ",2022-05-07 00:00:00+00:00,positive,0.093,0.811,0.096,0.0258
611,Ive never seen so many talented artists in once place  The  amp  Community is really something incredible Dont ever let someone discourage you keep going you got this ,2022-05-07 00:00:00+00:00,positive,0.086,0.803,0.111,0.197
614,"I wasnt at first but im jacked about Sunset for the Shorts
Tell me what you think

      ",2022-05-07 00:00:00+00:00,neutral,0.0,1.0,0.0,0.0
615,"Plants vs Zombies Battle For Neighborville per  a 598 su  e  

  ",2022-05-07 00:00:00+00:00,negative,0.245,0.755,0.0,-0.3818
624," Ken Griffin and friends GMEricans is assembling
  
 ",2022-05-07 00:00:00+00:00,positive,0.0,0.659,0.341,0.4767
627," TICK TOCK TICK TOCK
  
 ",2022-05-07 00:00:00+00:00,neutral,0.0,1.0,0.0,0.0
628,s in Downtrend Moving Average Convergence Divergence MACD Histogram crosses below signal line View odds for this and other indicators    ,2022-05-07 00:00:00+00:00,neutral,0.0,1.0,0.0,0.0
632,"Cuz Im the fakest YouTuber out there
Got  waiting for when this drops to 
MOASS is mine   ",2022-05-07 00:00:00+00:00,neutral,0.0,1.0,0.0,0.0
634,Today has been a lot of fun New art work   ,2022-05-07 00:00:00+00:00,positive,0.0,0.708,0.292,0.5106
636,Making giant moves next week       Woooo Reloaded and ready to swoop some floors Incoming GN ,2022-05-07 00:00:00+00:00,positive,0.0,0.705,0.295,0.6633
637," Bro can we chat
I have some dope digital assets I bought to protect gamestop Gmecoineth gamestopnfteth and more       ",2022-05-07 00:00:00+00:00,positive,0.0,0.777,0.223,0.5106
644,"Fortnite Series 3 Trading Cards are now available at  locations across the country Swing by your local  to pick up Fortnite Series 3 as well as other Panini Trading Cards
  ",2022-05-07 00:00:00+00:00,positive,0.0,0.928,0.072,0.2732
648,Stay safe out there says  from the GameStop Blockchain Team  I  the GameStop Blockchain Team    ,2022-05-07 00:00:00+00:00,positive,0.0,0.818,0.182,0.4404
650,Yessir  ,2022-05-07 00:00:00+00:00,neutral,0.0,1.0,0.0,0.0
651,"MAY 6 2022  SCREENSHOTS

    
  
Jan 2021 gt MAY 6 2022  Daily Short Exempt
Jan 2022 gt MAY 6 2022 
THIS IS NOT FINANCIAL INFORMATION
I AM NOT A FINANCIAL ADVISOR",2022-05-07 00:00:00+00:00,positive,0.0,0.797,0.203,0.5574
652,This review on GameStop logo shorts   ,2022-05-07 00:00:00+00:00,neutral,0.0,1.0,0.0,0.0
653,The best Friday nights are spent changing the world Have you voted yet     ,2022-05-07 00:00:00+00:00,positive,0.0,0.741,0.259,0.6369
656, This is the second time this ad has run On April 29 and again on May 6th I dont see someone making this same mistake twice in two weeks so is this just clickbait You arent selling them at this price   ,2022-05-07 00:00:00+00:00,negative,0.058,0.942,0.0,-0.34
660,"GREEDFALL  Gold Edition per  a 1998 su  e  

  ",2022-05-07 00:00:00+00:00,neutral,0.0,1.0,0.0,0.0
662,Current   Price 75  ,2022-05-06 00:00:00+00:00,neutral,0.0,1.0,0.0,0.0
667, thank you for the green stonk had to buy this one show support to the infamous Nancy Another classic       ,2022-05-06 00:00:00+00:00,positive,0.0,0.766,0.234,0.6369
672,Current   Price 60  ,2022-05-06 00:00:00+00:00,neutral,0.0,1.0,0.0,0.0
677," NFTs with  perhaps

Because that would be EPIC",2022-05-06 00:00:00+00:00,neutral,0.0,1.0,0.0,0.0
683,when   when   when   ,2022-05-06 00:00:00+00:00,neutral,0.0,1.0,0.0,0.0
684,I was cleaning out my wallet and came across this gem I think they stopped Elite Pro in 2018 and they dont do plastic cards anymore Nice collectible now    ,2022-05-06 00:00:00+00:00,positive,0.064,0.842,0.094,0.2263
685,Current   Price 70  ,2022-05-06 00:00:00+00:00,neutral,0.0,1.0,0.0,0.0
688,Everyone Go follow and support  has done a lot of great things for the  community He blessed me with my own BullrunnerBitbot I love it The animation is super cool He just dropped his collection so lets show some love and buy one   ,2022-05-06 00:00:00+00:00,positive,0.0,0.573,0.427,0.9783
691,"The Nightmare of Ken Griffin  Ryan Giger  of the  by the Masters collection 69 copies minted on  L2 nice Check out the collection  
Order here 
PS Ryan I saved a copy for you  
   ",2022-05-06 00:00:00+00:00,positive,0.0,0.838,0.162,0.6808
692,My collection of Kekkyojins is growing lt3        ,2022-05-06 00:00:00+00:00,positive,0.0,0.779,0.221,0.1779
697,"                       

Buy  ",2022-05-06 00:00:00+00:00,neutral,0.0,1.0,0.0,0.0
700,Panini America  Fortnite Series 3 Trading Cards are now available at  locations across the country Swing by your local  to pick up Fortnite Series 3 as well as other Panini Trading Cards    ,2022-05-06 00:00:00+00:00,positive,0.0,0.932,0.068,0.2732
704, dis u   ,2022-05-06 00:00:00+00:00,neutral,0.0,1.0,0.0,0.0
708,Current   Price 65  ,2022-05-06 00:00:00+00:00,neutral,0.0,1.0,0.0,0.0
709," if you dont have to report positions how in the world would you ever know how prevalent something is
 ",2022-05-06 00:00:00+00:00,neutral,0.0,1.0,0.0,0.0
713,"Touch me daddy
  
",2022-05-06 00:00:00+00:00,neutral,0.0,1.0,0.0,0.0
717,   I checked the  app and ummmy dick doesnt really work Jim Cramer probably,2022-05-06 00:00:00+00:00,negative,0.231,0.769,0.0,-0.5106
720,"Hmmm

Maybe I shouldnt be to quiet after all

ow well

      ",2022-05-06 00:00:00+00:00,positive,0.0,0.811,0.189,0.2732
723,  Ryan Cohen    ,2022-05-06 00:00:00+00:00,neutral,0.0,1.0,0.0,0.0
725," must be great to be able to dangle a tweet as a carrot to your donkeys
or is it banana to the apes
how bout you actually improve working conditions at  
Have you even read their posts or gripes",2022-05-06 00:00:00+00:00,positive,0.0,0.833,0.167,0.7906
727,"40 at 120k is a good place to start

  ",2022-05-06 00:00:00+00:00,positive,0.0,0.707,0.293,0.4404
732, probably nothing      ,2022-05-06 00:00:00+00:00,neutral,0.0,1.0,0.0,0.0
734,"I just bought 8  shares

I hold   and  




 

",2022-05-06 00:00:00+00:00,positive,0.0,0.645,0.355,0.296
735,Current   Price 48  ,2022-05-06 00:00:00+00:00,neutral,0.0,1.0,0.0,0.0
745,"Who loves shopping at these discounts  55 more gme and 100 more amc lets go    
 ",2022-05-06 00:00:00+00:00,positive,0.0,0.791,0.209,0.5719
753, Need stop with ,2022-05-06 00:00:00+00:00,negative,0.524,0.476,0.0,-0.296
755,"Oh yes

 ",2022-05-06 00:00:00+00:00,positive,0.0,0.27,0.73,0.4019
766,Bought a game online from  Wednesday Paid for expedited shipping and was told game would come Thursday or Friday  Looking at tracking and its telling me Monday Smh like WTF ,2022-05-06 00:00:00+00:00,negative,0.193,0.736,0.071,-0.6523
772,Current   Price 16  ,2022-05-06 00:00:00+00:00,neutral,0.0,1.0,0.0,0.0
778,Saving up dry powder  in case we get to double digits you wanna go there Fine itll be a steal Right before the divided split 7 mounds to 1 real pug face   ,2022-05-06 00:00:00+00:00,negative,0.1,0.844,0.056,-0.34
781,Go get these now They are      ,2022-05-06 00:00:00+00:00,neutral,0.0,1.0,0.0,0.0
783,"Play with us tomorrow 7th of May at 1100 am CET Dont keep us wating


       ",2022-05-06 00:00:00+00:00,positive,0.0,0.854,0.146,0.34
788,   It was already confirmed to be a  official page in another thread,2022-05-06 00:00:00+00:00,neutral,0.0,1.0,0.0,0.0
790,                  ,2022-05-06 00:00:00+00:00,neutral,0.0,0.0,0.0,0.0
791,Current   Price 11  ,2022-05-06 00:00:00+00:00,neutral,0.0,1.0,0.0,0.0
792,Random Twitter wallet page confirmed by ,2022-05-06 00:00:00+00:00,neutral,0.0,1.0,0.0,0.0
793,"   
 Options valuevolume so far today Looks like they are pulling out all the stops and buying puts to force the market maker to create naked shorts to hedge",2022-05-06 00:00:00+00:00,positive,0.051,0.801,0.147,0.4588
794,                  ,2022-05-06 00:00:00+00:00,neutral,0.0,0.0,0.0,0.0
795,Me today ghosting      ,2022-05-06 00:00:00+00:00,neutral,0.0,1.0,0.0,0.0
800,Even through the storm and show GameStop is trending and has been all morning     ,2022-05-06 00:00:00+00:00,neutral,0.0,1.0,0.0,0.0
802,  two pictures story Getting there Getting there,2022-05-06 00:00:00+00:00,neutral,0.0,1.0,0.0,0.0
805,Current   Price 08  ,2022-05-06 00:00:00+00:00,neutral,0.0,1.0,0.0,0.0
808,"GameStop Canada EB Games is in stock NOW

Store Page  

Most likely a queue system

 Good luck



    ",2022-05-06 00:00:00+00:00,positive,0.0,0.704,0.296,0.7096
809,"  is a force that will change the world





",2022-05-06 00:00:00+00:00,neutral,0.0,1.0,0.0,0.0
811,"   
 Options valuevolume so far today A lot of the put volume are people selling puts expiring today which is positive as the MM must drop the hedge on it",2022-05-06 00:00:00+00:00,positive,0.066,0.82,0.114,0.3612
816,"  Dark Pool Index  Which usually means Large Buying Patience is 
Indicator Pink Line ",2022-05-06 00:00:00+00:00,neutral,0.0,1.0,0.0,0.0
819,This is going to be good        ,2022-05-06 00:00:00+00:00,positive,0.0,0.633,0.367,0.4404
821," when 
 ok Ill buy GME
    ",2022-05-06 00:00:00+00:00,negative,0.35,0.375,0.275,-0.1531
827,Current   Price 47  ,2022-05-06 00:00:00+00:00,neutral,0.0,1.0,0.0,0.0
831," listed in 300 stocks needing a remake of  Video remake

¬†¬†¬†¬†¬†¬†¬†¬†¬†¬†¬†¬†¬†¬†¬†¬†¬†¬†",2022-05-06 00:00:00+00:00,neutral,0.0,1.0,0.0,0.0
836,"s Crypto and  Plays Wont Help It Stay in the   
          ",2022-05-06 00:00:00+00:00,negative,0.201,0.622,0.178,-0.0665
840,"                                                  Thats what I like to hear
Cant  Wont  ",2022-05-06 00:00:00+00:00,positive,0.0,0.706,0.294,0.3612
843, GameStop back to  quick via stock split via dividend  Trading is tough dont you think       ,2022-05-06 00:00:00+00:00,negative,0.097,0.903,0.0,-0.128
845,"GameStop Star Wars Cosplay Bundle 



        ",2022-05-06 00:00:00+00:00,negative,0.474,0.526,0.0,-0.5574
848,"Id watch this  and  is a powerful combo expertise and space lightning

Who agrees 
   ",2022-05-06 00:00:00+00:00,positive,0.0,0.705,0.295,0.5574
856,"Borrow fee for ETFs BUZZ and XRT that are heavily used for   price manipulation by Hedge Funds have risen from 11 to 14 and from 43 to 48 respectively I dont know what it means but Hedgies are definitely fuq 

Cant stop wont stop   bitches",2022-05-06 00:00:00+00:00,positive,0.03,0.707,0.263,0.9106
857," 

IMAGINE everything in apples reaches backed by NFT utility

GME app would position gamestop to transition iTunes apple tv and the instore easily and smoothly to NFT utility backed tokens for the serial  indexes

Remember simplymac
",2022-05-06 00:00:00+00:00,positive,0.0,0.847,0.153,0.4215
858,"   
 Options valuevolume so far today
7475 of the put volume of 14918 are for options that expires this afternoon",2022-05-06 00:00:00+00:00,neutral,0.0,1.0,0.0,0.0
860,28 days until GameStops 2022 Annual Meeting of Stockholders Thurs June 2 at 1000 am CDT Great things are happening This is the calm before the storm If the world does indeed end a new and better one will form     ,2022-05-06 00:00:00+00:00,positive,0.0,0.79,0.21,0.8519
863," daily Forget   posts this week why the desperation 

A  you know well short on    on the cusp of going under I really hope so 

Keep up with the   Ill just continue to  and ",2022-05-06 00:00:00+00:00,negative,0.197,0.667,0.136,-0.3415
864,Current   Price 52  ,2022-05-06 00:00:00+00:00,neutral,0.0,1.0,0.0,0.0
867,A world where each asset from fiat currencies to stocks to gold to digital gaming items could be represented Welcome to the future  ,2022-05-06 00:00:00+00:00,positive,0.0,0.784,0.216,0.6705
868,"GameStop has released its official GameStop Wallet web page indicating that the Crypto Wallet for your Browser amp iPhone is coming soon

   ",2022-05-06 00:00:00+00:00,neutral,0.0,1.0,0.0,0.0
872," 
 Open Interest ramp for today from  to 
Shares borrowed from IBKR 120000  52
Max Pain 
If the NSCC is liquidating a defaulter and closing its  shorts then I expect the price to rebound further in the afternoon Not advice my opinion",2022-05-06 00:00:00+00:00,positive,0.074,0.809,0.117,0.2263
876," But what about 

Respectfully

An Ape living in their Grannies basement

  ",2022-05-06 00:00:00+00:00,positive,0.0,0.738,0.262,0.5499
881," is becoming much more than it was before 

through the brilliant insight that  and  technology can enable what  always intended to be 

the ultimate destination for gamers ",2022-05-06 00:00:00+00:00,positive,0.0,0.872,0.128,0.5859
882,"Are you going to the moon Believe it or not millions of people are in NASAs latest a lesson in smart marketing

   ",2022-05-06 00:00:00+00:00,positive,0.0,0.881,0.119,0.4019
892,Some of the Funko Pops I just added to my collection          ,2022-05-06 00:00:00+00:00,neutral,0.0,1.0,0.0,0.0
895,Current   Price 41  ,2022-05-06 00:00:00+00:00,neutral,0.0,1.0,0.0,0.0
896,Reading time boys  ,2022-05-06 00:00:00+00:00,neutral,0.0,1.0,0.0,0.0
898,"   Whats the price target today Asking for a friend

sidenote   show me something  ready for Monday 

      ",2022-05-06 00:00:00+00:00,positive,0.0,0.695,0.305,0.6908
899," unlike last year when a lot of ape had bought fresh stock at lows and short float was high this time most ape is underwater and short float is nonexistent 

Ape will sell on any rallies unless close above 182 

I dont think this rally gap has legs now 162 

 ",2022-05-06 00:00:00+00:00,negative,0.108,0.849,0.043,-0.5267
900," 
 Open Interest ramp for today from  to 
Shares borrowed from IBKR 120000  52
Max Pain 
Im expect more of yesterday drop morning and rebound afternoon Not advice my opinion",2022-05-06 00:00:00+00:00,negative,0.158,0.697,0.145,-0.1189
901,"GME Short Squeeze 5522  GameStop Wallet Is Now Live  Motley Fool Buy  via  
     ",2022-05-06 00:00:00+00:00,negative,0.195,0.805,0.0,-0.4404
903," Mr PRESIDENT are you ok sir 

She just woke up sir

This is how hot people wake up sir


",2022-05-06 00:00:00+00:00,positive,0.0,0.891,0.109,0.296
914,  you hit me like a wrecking ball,2022-05-06 00:00:00+00:00,positive,0.0,0.667,0.333,0.3612
915,Time to buy all your tickets for takeoff whether youre in  or considering investing its now or never  Chicane  Now Or Never    ,2022-05-06 00:00:00+00:00,neutral,0.0,1.0,0.0,0.0
917,Current   Price 00  ,2022-05-06 00:00:00+00:00,neutral,0.0,1.0,0.0,0.0
919,Yea I am bullish on  ,2022-05-06 00:00:00+00:00,neutral,0.0,1.0,0.0,0.0
920,"Made it on  recently Didnt go as expected but glad I was able to make my pitch
  ",2022-05-06 00:00:00+00:00,positive,0.0,0.789,0.211,0.6124
921,  i think we have more than 100000 eagerly waiting  market place just on loopring sub alone,2022-05-06 00:00:00+00:00,positive,0.112,0.728,0.16,0.2177
929,Jakob Winkler likes Angry Birds ampResorts   ,2022-05-06 00:00:00+00:00,negative,0.327,0.396,0.277,-0.128
930,Makes you wonder if there is another partner hidden  ,2022-05-06 00:00:00+00:00,neutral,0.0,1.0,0.0,0.0
932,Good Morning Everyone Woke up to this  Guess its time to make the biscuits so we can buy more  Hope you all have a kick ass Friday  ,2022-05-06 00:00:00+00:00,positive,0.107,0.706,0.187,0.3804
933,Current   Price 31  ,2022-05-06 00:00:00+00:00,neutral,0.0,1.0,0.0,0.0
936,"Blockchain is seen from its technological and economic perspectives however the biggest change Im seeing is the Sociological impact 

Changing the way we talk work and more 

The first step 
   ",2022-05-06 00:00:00+00:00,neutral,0.0,1.0,0.0,0.0
938,Cant wait to directly support honest companies through my  ,2022-05-06 00:00:00+00:00,positive,0.0,0.538,0.462,0.7184
939,"Are you ready for the future of ecommerce The future of gaming The future of OWNING DIGITAL ASSETS
 NFT Marketplace is coming
      ",2022-05-06 00:00:00+00:00,positive,0.0,0.802,0.198,0.6037
941,VINTAGE GAME CONSOLES AND GAMES                        ,2022-05-06 00:00:00+00:00,neutral,0.0,1.0,0.0,0.0
945,I love    you guys are doing an incredible job ,2022-05-06 00:00:00+00:00,positive,0.0,0.625,0.375,0.6369
949,Please help an Nwah out I want an NFT on my  dot  dot  wallet,2022-05-06 00:00:00+00:00,positive,0.0,0.613,0.387,0.6486
951, volume just changed from 56 to 57  Went from 185 to 217  What in the actual fuck is going on     ,2022-05-06 00:00:00+00:00,negative,0.156,0.844,0.0,-0.5423
955,"Just another boardgame pic i took from gamestop this time its from what do u meme which there is a few party games some are fun and others not too much lol enjoy the stuff lol 
  ",2022-05-06 00:00:00+00:00,positive,0.111,0.669,0.22,0.6742
956,"More boardgames that i found on my local gamestop this time its a  type of game never seen this before but i do enjoy anything that is dnd lol enjoy
  ",2022-05-06 00:00:00+00:00,positive,0.0,0.661,0.339,0.9231
957,Down almost 2 on a volume of 56  FIFTY SIX  LMAOOOO  Sounds about right  What a crock of      ,2022-05-06 00:00:00+00:00,neutral,0.0,1.0,0.0,0.0
958,"Some board games i found in my local gamestop sadly i didnt get them since i didnt have money but i wanted to take some pics at least enjoy
  ",2022-05-06 00:00:00+00:00,positive,0.065,0.788,0.147,0.5267
962,Current   Price 13  ,2022-05-06 00:00:00+00:00,neutral,0.0,1.0,0.0,0.0
964,Remember fam Magic coat 4    „ÄÄ „ÄÄ „ÉΩ,2022-05-06 00:00:00+00:00,neutral,0.0,1.0,0.0,0.0
969,This old videomeme marks the exact point the retail HODLing  realized their strength Also marks SHFs oblivion that anyone HODLing  can  much longer that they can remain solvent,2022-05-06 00:00:00+00:00,positive,0.0,0.894,0.106,0.4939
972,"Children have always learned and created places for themselves through playing games with 

                ",2022-05-06 00:00:00+00:00,positive,0.0,0.743,0.257,0.4215
978, Good Morning Tyler  I truly hope success of  will allow you to spend more time with your family  enjoy your time at work,2022-05-06 00:00:00+00:00,positive,0.0,0.478,0.522,0.9477
980,  Padam√© Cohen limited mint 5 up for trade ,2022-05-06 00:00:00+00:00,negative,0.241,0.759,0.0,-0.2263
981,    how long did it take you For the entire month of April I didnt hear from   I even called their office and had  try to contact them but they never followed up,2022-05-06 00:00:00+00:00,neutral,0.0,1.0,0.0,0.0
982,  Heyo Amie  where you ever contacted from  I didnt receive a update over a month from them concerning my      and it seems like others havent either,2022-05-06 00:00:00+00:00,positive,0.0,0.898,0.102,0.3612
983,   You were ripped off as well I entered the   sweepstakes and never got a followup from  as well GameStop even attempted after I called the BrandMovers office but I got no reply or followup from them Really bad for  to associate with,2022-05-06 00:00:00+00:00,negative,0.177,0.754,0.069,-0.7839
984,    Wait you entered a contest from  and didnt get your prize I entered the  sweepstakes from  and didnt get my prize as well,2022-05-06 00:00:00+00:00,negative,0.212,0.706,0.082,-0.5113
985,  You seen the  news about      ,2022-05-06 00:00:00+00:00,neutral,0.0,1.0,0.0,0.0
986,  Can you please stop tweeting AMC with  The  is about  not the popcorn stock  a distraction,2022-05-06 00:00:00+00:00,negative,0.251,0.628,0.12,-0.3612
987, Heyo as one of the winners of the   sweepstakes what happened to my prize I never received an update from the company or an email concerning my win and only got a  GameStop gift card instead of the collectors edition the giveaway promised,2022-05-06 00:00:00+00:00,positive,0.0,0.698,0.302,0.9393
992,This Wise words  ,2022-05-06 00:00:00+00:00,positive,0.0,0.392,0.608,0.4767
993," is almost ready 

The  wallet is upon us



Enjoy the show  ",2022-05-06 00:00:00+00:00,positive,0.0,0.625,0.375,0.6605
994,s in Downtrend Moving Average Convergence Divergence MACD Histogram just turned negative View odds for this and other indicators    ,2022-05-06 00:00:00+00:00,negative,0.179,0.821,0.0,-0.5719
997,"Pretty much every altcoin is in a buy zone but I personally loaded up on  
Once market recovers it will make huge moves because of their partnership with ",2022-05-06 00:00:00+00:00,positive,0.0,0.826,0.174,0.6187
998,YES Lets GO   with  ,2022-05-06 00:00:00+00:00,positive,0.0,0.466,0.534,0.5319
